{"train_loss": [0.023964986269573448, 0.021181751223596303, 0.02074046956275161, 0.020482907569978222, 0.02036660353475246, 0.020223621151168193, 0.02016289606661009, 0.02004954599145158, 0.0200206462256915, 0.019986835402893338, 0.019920217740105283, 0.01992029517778265], "train_acc": [0.8013666666666668, 0.8447000000000001, 0.8489333333333333, 0.8501833333333334, 0.8502166666666666, 0.8514166666666667, 0.8504999999999999, 0.8510833333333333, 0.8509500000000001, 0.8513, 0.8515333333333333, 0.8506833333333332], "train_time": 5.072965383529663, "test_loss": [0.02121491512829835, 0.020510859292007178, 0.020338911233642884, 0.020026368268285036, 0.019956866469078065, 0.019696673373911365, 0.01957988693310046, 0.019626134427480044, 0.02003286268715263, 0.020115157078577035, 0.019586738071336603, 0.01972975827552267], "test_acc": [0.8611999999999999, 0.8565, 0.8613000000000001, 0.8582999999999998, 0.8593000000000001, 0.8580000000000001, 0.8625999999999999, 0.8609999999999998, 0.8504999999999999, 0.8543, 0.8587, 0.8593000000000001]}