{"train_loss": [0.032300285428417265, 0.02518184514697841, 0.023555678354503885, 0.02277365263181682, 0.022309060620484836, 0.02199511908369197, 0.021773043204935574, 0.021606974898427424, 0.021477473449326236, 0.02137520633593076, 0.021291765166384608, 0.021224162327487237, 0.021167610986848474, 0.021115646928590512, 0.021079317249055807, 0.021044824256264763, 0.02101423477615203, 0.020991038403746054, 0.02096771014956976, 0.020944730206586836, 0.02092765229494791, 0.020910690869454955, 0.02090023575310202, 0.020888700411618225, 0.020879546081468626, 0.02086803325351867, 0.0208593987219484, 0.02085309813829576, 0.02084565630406189, 0.020840295284935965, 0.02083489989959985, 0.020828103799111604, 0.020824167607797404, 0.020823056831258967, 0.020816974387995218, 0.02081320663214688, 0.020810042454038613, 0.020809879033468853], "train_acc": [0.6561166666666667, 0.8023166666666668, 0.8229833333333333, 0.8325833333333332, 0.83815, 0.84115, 0.8436333333333332, 0.8451000000000001, 0.8466833333333335, 0.8482, 0.8482333333333333, 0.8489666666666666, 0.8489000000000001, 0.8495333333333334, 0.8498333333333333, 0.8504833333333334, 0.8510333333333333, 0.8502666666666666, 0.8512000000000001, 0.8512166666666667, 0.8512666666666666, 0.8511500000000001, 0.85125, 0.85125, 0.8519999999999999, 0.8517333333333333, 0.8514666666666667, 0.8518333333333333, 0.8517999999999999, 0.8522833333333334, 0.852, 0.8524666666666667, 0.8518833333333333, 0.8521833333333333, 0.8527833333333334, 0.8524, 0.8523833333333333, 0.8515833333333334], "train_time": 16.17042303085327, "test_loss": [0.0264107629924976, 0.02379802325791187, 0.022737981736946612, 0.022139884920455807, 0.02176893406467675, 0.021499407518840913, 0.021293025129111402, 0.021166281120886827, 0.021075652651111478, 0.02095286429646802, 0.020906493739076704, 0.02082218495282883, 0.020768409507670334, 0.020736052449506066, 0.020700288765318146, 0.02067596660118256, 0.02065157649566831, 0.02062336007227044, 0.020626965869312387, 0.020597106963045047, 0.020572520756456044, 0.020562285219053594, 0.02054900172395442, 0.020538868573552437, 0.02052613400421765, 0.020521412999022614, 0.02056121488414779, 0.020503509975995402, 0.020515481856301497, 0.02049701629318555, 0.02048961972525996, 0.020479498040446992, 0.020476474606104408, 0.020494943833904024, 0.02048779374557183, 0.02050934231075186, 0.020477071674757815, 0.02048879390370336], "test_acc": [0.7929999999999999, 0.8258, 0.8368000000000001, 0.8460000000000001, 0.8462000000000001, 0.8492999999999999, 0.8543999999999999, 0.8538, 0.8567, 0.8577999999999999, 0.8604, 0.8576000000000001, 0.86, 0.8613, 0.8619999999999999, 0.8616000000000001, 0.8605999999999999, 0.8626999999999998, 0.8617999999999998, 0.8604999999999998, 0.8608000000000001, 0.8616999999999999, 0.8617999999999998, 0.8615999999999999, 0.8605999999999997, 0.8604999999999998, 0.8613, 0.8622999999999998, 0.8621, 0.8608999999999999, 0.8611, 0.8611999999999999, 0.8622, 0.8613, 0.8616999999999999, 0.8611, 0.8604999999999999, 0.8623000000000001]}