{"train_loss": [0.03258557273899919, 0.024903359525934286, 0.023269431017642724, 0.022493923017715915, 0.022025100726727462, 0.021707514179356853, 0.02147672007919141, 0.02129727734386062, 0.021155321219926988, 0.021039293107366394, 0.020936559176673183, 0.02085123853235437, 0.020776186810240498, 0.020708929082898005, 0.020650442659143755, 0.020597381487788512, 0.02054648605435049, 0.020503951052510138, 0.020458912673333333, 0.020423591137716687, 0.020386053412072218, 0.020356034129027003, 0.020325690279794747, 0.020295749132822987, 0.020270157855086873, 0.020243114369030587, 0.020219905905372502, 0.020197164489493078, 0.020173889886315577, 0.020154328168375663, 0.02013704854609066, 0.02011710331677304, 0.020098879491788513, 0.020083413622220738, 0.020066858362910417, 0.020049956585175985, 0.020034714583263304, 0.020022540453735763, 0.020009103932373016, 0.01999481459021401, 0.019981924178115878, 0.019969981616582547, 0.019958737689036814, 0.019945970439316788, 0.019934481393782604, 0.019926397681450814, 0.01991536796158096, 0.0199065256917937, 0.019896430374736165, 0.019887323273454403, 0.019878441887038, 0.019868729655951746, 0.019860404754595006, 0.01985379815856481, 0.019844871234237497, 0.019836822785247208, 0.01983147078102253, 0.019823324678209412, 0.019816318436261356, 0.01980862603914158, 0.019802547500884154, 0.01979775661037203, 0.019790826212308796, 0.01978312153623985, 0.019777987870724874, 0.019771917699431495, 0.019765666170973653, 0.01976188995407554, 0.019756203653704455, 0.01975072554210331, 0.019745740067987304, 0.019741921307753752, 0.019737028388599778, 0.019730491697298996, 0.019727413316058734, 0.01972304852238122, 0.019717990647070957, 0.0197143153876748, 0.019709416650144536, 0.019705108943935828, 0.01970254202265266, 0.019698461959544927, 0.019693174504491682, 0.01968934675620316, 0.0196862983613842, 0.019683700147436402, 0.01967914382100874, 0.01967539559537802, 0.01967304243075918, 0.019669777614201897, 0.019667897137686907, 0.01966285564549782, 0.019660386446250098, 0.01965755633639914, 0.019653790364588343, 0.019650204452830576], "train_acc": [0.6325333333333334, 0.7952833333333333, 0.82005, 0.83085, 0.8374666666666667, 0.8412666666666666, 0.8440833333333334, 0.8452000000000001, 0.8473333333333333, 0.8488666666666667, 0.8499666666666666, 0.8500333333333333, 0.85165, 0.8515833333333334, 0.8522166666666666, 0.8525499999999999, 0.8530500000000001, 0.8534833333333331, 0.8539333333333335, 0.8538499999999999, 0.85425, 0.8542, 0.8549333333333334, 0.8551166666666667, 0.8552, 0.8553166666666667, 0.8549166666666668, 0.8551333333333334, 0.8555833333333331, 0.8553000000000001, 0.8555333333333333, 0.8558333333333333, 0.8560666666666666, 0.8562333333333334, 0.8554666666666666, 0.8563333333333335, 0.8562166666666667, 0.8561333333333334, 0.8556, 0.8562666666666666, 0.8565833333333334, 0.85685, 0.8563666666666666, 0.8566, 0.8568833333333333, 0.856, 0.8566333333333334, 0.8570333333333334, 0.8563166666666666, 0.8566333333333334, 0.8570333333333334, 0.8568333333333333, 0.8565666666666666, 0.8562833333333333, 0.8567666666666668, 0.8566833333333334, 0.8572666666666667, 0.8567333333333332, 0.8566166666666667, 0.8565333333333335, 0.8565833333333334, 0.8570166666666668, 0.8568166666666667, 0.8573, 0.8567999999999999, 0.8565500000000001, 0.8567833333333332, 0.85665, 0.8567666666666666, 0.8568166666666667, 0.8565499999999999, 0.8565166666666666, 0.8569166666666667, 0.8568166666666667, 0.8563666666666667, 0.8569999999999999, 0.8566, 0.8565499999999999, 0.8563833333333334, 0.8566, 0.8563166666666666, 0.85645, 0.8561833333333334, 0.8561499999999999, 0.8563000000000002, 0.8565500000000001, 0.8566666666666667, 0.8566, 0.8566833333333334, 0.8565833333333333, 0.8568666666666667, 0.8568000000000001, 0.8564, 0.8564833333333333, 0.8566833333333334, 0.8569666666666668], "train_time": 41.44337868690491, "test_loss": [0.026161803313613386, 0.023483222545415353, 0.022426871034442224, 0.021817832083822843, 0.021439383286689866, 0.02117297799213947, 0.020966543074149274, 0.020816435854471082, 0.020709705269608854, 0.02057703616343613, 0.020528091144349402, 0.020430127053600217, 0.020355352346216275, 0.020290427096230072, 0.02025703329492186, 0.020201261373336145, 0.02016585299661246, 0.02012013173776797, 0.020093418113347656, 0.02007199805309925, 0.020025145598645884, 0.020003378031575453, 0.019976235892834846, 0.01994242773792112, 0.019926364386893495, 0.019906781771540514, 0.01987456836886825, 0.019855640249625935, 0.019848772627729657, 0.01983698023749973, 0.019823453918772587, 0.01979382996078702, 0.019771373883603467, 0.019785115661419057, 0.019755305503519078, 0.019738470214021052, 0.01973987347304672, 0.019720293591415444, 0.0197159421539304, 0.01969825715308562, 0.019683508204466772, 0.019665384968018715, 0.019661771530371568, 0.019649684762258687, 0.019637030405625564, 0.019651064842785223, 0.01962905631097583, 0.019624085079463196, 0.0196204226288251, 0.019606754848442844, 0.01959430309305387, 0.01958515227906652, 0.01958123485028271, 0.019589854497608944, 0.01957879985079624, 0.01955874928644079, 0.019561841734697268, 0.019547865350687477, 0.019547081200939932, 0.019544149311065292, 0.019532894935664295, 0.019528305594390682, 0.01953647916577721, 0.01952305718268127, 0.01952439427715413, 0.019502415421702186, 0.01951204603457532, 0.019507040112775154, 0.01949973898439483, 0.01949614253136151, 0.019485849767468467, 0.019480662153625053, 0.019495444092332243, 0.019486027731802427, 0.019485236042742504, 0.019475593333955158, 0.0194644842300978, 0.019472215463702404, 0.019480480377231962, 0.019456251987069437, 0.019461656388543254, 0.019447084278473414, 0.019457199090211656, 0.0194523667674928, 0.019469579329884114, 0.019433176811760752, 0.01944101225793517, 0.019447390243648766, 0.019435214981233434, 0.01942700905530738, 0.019420466317011872, 0.019433284404543862, 0.01943889596395895, 0.01943216406819393, 0.019426610754184337, 0.0194310862979291], "test_acc": [0.7874000000000001, 0.8200000000000002, 0.8361, 0.8459999999999998, 0.8489999999999999, 0.8538, 0.8546999999999998, 0.8561, 0.8589999999999999, 0.8588, 0.8573, 0.8628000000000001, 0.8621999999999999, 0.8625, 0.8644999999999999, 0.8621, 0.8622, 0.8618000000000002, 0.8619, 0.8627000000000001, 0.8631, 0.865, 0.8622, 0.8620000000000002, 0.8643, 0.863, 0.8632, 0.865, 0.8655000000000002, 0.8654000000000001, 0.8649, 0.8641, 0.8630999999999999, 0.8663000000000003, 0.8652000000000001, 0.8654000000000001, 0.8626999999999999, 0.863, 0.8628999999999999, 0.8646, 0.8650000000000001, 0.8643999999999998, 0.8645999999999999, 0.8647, 0.8640000000000001, 0.8636999999999999, 0.8650000000000001, 0.8642000000000002, 0.8637999999999999, 0.8654999999999999, 0.8642, 0.8635, 0.8640999999999999, 0.8667, 0.8624, 0.8624999999999998, 0.8630999999999999, 0.8648, 0.8641, 0.8652, 0.8647999999999999, 0.8633, 0.8650000000000001, 0.8648, 0.8634999999999999, 0.8641, 0.8640000000000001, 0.8654999999999999, 0.8634999999999999, 0.8636, 0.8639, 0.8643000000000001, 0.8639999999999999, 0.8625, 0.8657, 0.8642, 0.865, 0.865, 0.8632, 0.8641, 0.8654999999999999, 0.8637, 0.8631, 0.8671000000000001, 0.8660000000000001, 0.8634000000000001, 0.8638999999999999, 0.8628, 0.8641999999999999, 0.8653000000000002, 0.8647000000000001, 0.8626999999999999, 0.863, 0.8627999999999999, 0.8651000000000001, 0.8614]}