{"train_loss": [0.03273786948243665, 0.02518798597917372, 0.023483979424441394, 0.022673253370181386, 0.02218358724569085, 0.021851620327201463, 0.021605900079721737, 0.021414732061276014, 0.02126123838578892, 0.02113265138421782, 0.021026362625732074, 0.020930747485207624, 0.020850132389634457, 0.020776278664789607, 0.02070939088426383, 0.02064888882042092, 0.020598125674471425, 0.020546309983999454, 0.020498209195995154, 0.020456913848569874, 0.020419048815350657, 0.0203818887415546, 0.02034836479711164, 0.020314384386059026, 0.020284906459482634, 0.02025473510727217, 0.020228475041923225, 0.02020181687358412, 0.020176806261190967, 0.02015408997527585, 0.020133298022682836, 0.02011227789013003, 0.02009266583902761, 0.020070844501817328, 0.02005315254331924, 0.02003533897235074, 0.02001732033145965, 0.020001462572737203, 0.019984779100153782, 0.019970593551582094, 0.01995579083894885, 0.01994153680899914, 0.01992697295394169, 0.019913919290495206, 0.01990067373242829, 0.019887575543754796, 0.019877810039300482, 0.019866144941002927, 0.019853564791653313, 0.019841982027377542, 0.019830382794175067, 0.0198202977924135, 0.019810772669533957, 0.01980215607697933, 0.019790829597682427, 0.01978056201550355, 0.019771715986439165, 0.019764214197423524, 0.019756434950157976, 0.01974593649258079, 0.01973870172503698, 0.019730169879533965, 0.0197226648792722, 0.019714924022281595, 0.01970788477960462, 0.019699321246783856, 0.019693091083596407, 0.019686886626243506, 0.01967827576765478, 0.019673835512120784, 0.019667066484786923, 0.01966001341264242, 0.019654910876433885, 0.019649488677067665, 0.01964154568707261, 0.01963634748990026, 0.01962788545502306, 0.01962408430447827, 0.019618456200304505, 0.01961519560198349, 0.01960723621122223, 0.01960360449946452, 0.019600400246558913, 0.01959295293303843, 0.01958751522229359, 0.019583879969450296, 0.019577935055861376, 0.019574679359587142, 0.01956973497312253, 0.019564965708157495, 0.019559862245825982, 0.019558269200621155, 0.019551782374408633, 0.01954762601888702, 0.019544359964640986, 0.01953909295355749, 0.019535679324193603, 0.019533793276800812, 0.019527652922599274, 0.019523271473857722, 0.019520617326333863, 0.019516561073231704, 0.019513048082965046, 0.019510360127266414, 0.019506013769358326, 0.019502107588421427, 0.019499332508775072, 0.019495919816770717, 0.01949188067511987, 0.019490151380425088, 0.01948640441133542], "train_acc": [0.6352833333333333, 0.7978333333333334, 0.8204166666666667, 0.8305833333333333, 0.8365833333333335, 0.8406833333333333, 0.8427166666666667, 0.8455333333333332, 0.8468666666666665, 0.8480166666666665, 0.8494666666666667, 0.8503000000000001, 0.8513666666666666, 0.85185, 0.85135, 0.8525499999999999, 0.8533833333333333, 0.8535, 0.8542, 0.8543333333333332, 0.8540166666666666, 0.85415, 0.8541833333333333, 0.8545166666666667, 0.855, 0.8559666666666665, 0.8554166666666667, 0.8555666666666665, 0.8554333333333333, 0.8557333333333335, 0.8552333333333333, 0.8559833333333332, 0.8555166666666668, 0.8563999999999998, 0.8559000000000001, 0.8558833333333333, 0.8559, 0.8561666666666665, 0.8557833333333333, 0.8565000000000002, 0.856, 0.8561500000000001, 0.8564833333333333, 0.856, 0.8561833333333334, 0.8562000000000001, 0.8562166666666667, 0.8562166666666667, 0.8565499999999999, 0.8565333333333335, 0.8564999999999999, 0.8561833333333334, 0.8562666666666666, 0.8564166666666665, 0.85635, 0.8556833333333332, 0.85635, 0.8561166666666666, 0.8562166666666667, 0.8558666666666667, 0.8561166666666667, 0.8562666666666666, 0.8554999999999999, 0.8562833333333333, 0.8560166666666666, 0.8557166666666668, 0.8558833333333333, 0.8559166666666668, 0.8557833333333333, 0.8559666666666668, 0.8553833333333334, 0.8562666666666666, 0.8556833333333332, 0.8555833333333334, 0.8554499999999999, 0.8558166666666667, 0.85565, 0.85585, 0.8552833333333335, 0.8555166666666666, 0.8558333333333333, 0.8555666666666667, 0.8560833333333333, 0.8559499999999999, 0.8555499999999999, 0.85585, 0.8553666666666667, 0.8559499999999999, 0.8554333333333333, 0.8556666666666666, 0.8558333333333333, 0.8559500000000001, 0.8557000000000001, 0.8558333333333333, 0.8558666666666667, 0.8554999999999999, 0.8557166666666668, 0.8557833333333333, 0.8555833333333334, 0.8560166666666666, 0.8557833333333333, 0.8560166666666666, 0.8559666666666665, 0.8553333333333334, 0.8557166666666668, 0.8557666666666667, 0.8557500000000001, 0.8556, 0.8561833333333334, 0.85565, 0.8556166666666667], "train_time": 47.19993543624878, "test_loss": [0.026488145921143638, 0.023745913235700362, 0.02265370094038227, 0.022016662892401076, 0.021608235254616012, 0.021349192593579626, 0.021120239188065354, 0.020963625459084152, 0.020833542797569656, 0.02070660679918986, 0.02060668908181109, 0.020544415020447862, 0.020451541572547628, 0.020386138520018134, 0.020342691372185917, 0.020290538867974578, 0.02023093165420059, 0.020189872440758646, 0.02014434174267001, 0.020116352100103374, 0.020076463215079214, 0.02005508445932287, 0.020016594367004908, 0.019987283577569695, 0.01999828667033485, 0.01994320552118503, 0.019922285143662778, 0.01990893336868817, 0.019861119397291627, 0.01984352217889228, 0.019845215843927157, 0.01982047664709569, 0.019795873917667163, 0.019788995315186995, 0.019753070419142232, 0.01975552559511835, 0.01971930695729416, 0.019727074607797376, 0.01971151563818002, 0.019685234849286987, 0.01967845436475776, 0.019668617187633786, 0.01965500907174395, 0.01963778192660421, 0.01964516976100485, 0.01963076088275307, 0.019609699446163212, 0.019599030975267804, 0.019593312715181412, 0.01959727321431573, 0.019611887213902078, 0.019555537872206596, 0.0195506488897046, 0.01956065859612255, 0.01954902749374077, 0.019544553501830035, 0.01952125135607372, 0.01952142821313716, 0.019504077833881934, 0.019506159787098635, 0.01950421412393822, 0.019488169248427008, 0.01948794714061073, 0.019494387133267205, 0.0194720757228979, 0.019473245451393825, 0.019475052522508973, 0.01946057520460704, 0.019466453011358048, 0.019450772052092627, 0.01944955963967054, 0.019450318807512273, 0.019423150975010316, 0.019422441131674312, 0.019426808223165153, 0.019428411705286208, 0.019412488669184814, 0.019408358016691794, 0.019434458853553212, 0.019415780681373566, 0.019393742858219036, 0.01940969501376937, 0.01939135277652594, 0.019403992599464136, 0.01938268959830328, 0.019377865775620156, 0.019378545630595913, 0.019365893387530118, 0.019369928780520324, 0.019359344881981273, 0.019365821326644984, 0.019362781388852515, 0.019370991982119227, 0.019347423027091304, 0.01934267398752864, 0.019346751544465468, 0.01934015487689764, 0.01934394302984783, 0.019341875159633502, 0.019333135743993545, 0.01933387294148795, 0.019327397944012437, 0.019338016068789717, 0.019328274862357202, 0.019331935040986837, 0.0193089135644265, 0.01931104740755866, 0.019317080019920076, 0.019319203563390813, 0.019314100287121917, 0.019321414114450187],